{"mean":{"confidence_interval":{"confidence_level":0.95,"lower_bound":63347541.91666666,"upper_bound":65394474.125},"point_estimate":64272798.88888888,"standard_error":526278.4297594455},"median":{"confidence_interval":{"confidence_level":0.95,"lower_bound":63042750.0,"upper_bound":64352100.0},"point_estimate":63960208.333333336,"standard_error":359308.27984516486},"median_abs_dev":{"confidence_interval":{"confidence_level":0.95,"lower_bound":735246.0369467698,"upper_bound":2823982.299864292},"point_estimate":1718839.9244844876,"standard_error":547585.990565524},"slope":null,"std_dev":{"confidence_interval":{"confidence_level":0.95,"lower_bound":1319295.54551985,"upper_bound":4083909.2720903466},"point_estimate":2923941.927429402,"standard_error":727622.5949979497}}