{"mean":{"confidence_interval":{"confidence_level":0.95,"lower_bound":-0.31691480286885704,"upper_bound":-0.16551635576159984},"point_estimate":-0.24411984273884968,"standard_error":0.03875588634208429},"median":{"confidence_interval":{"confidence_level":0.95,"lower_bound":-0.3001300302129756,"upper_bound":-0.050102290607191735},"point_estimate":-0.17311769561830526,"standard_error":0.06358928549058238}}