{"mean":{"confidence_interval":{"confidence_level":0.95,"lower_bound":-0.3358423380937329,"upper_bound":-0.2825707534447819},"point_estimate":-0.30958519762924486,"standard_error":0.013588224030540365},"median":{"confidence_interval":{"confidence_level":0.95,"lower_bound":-0.3396965237073827,"upper_bound":-0.26259181804159526},"point_estimate":-0.30734113798880236,"standard_error":0.020246609679523075}}