{"mean":{"confidence_interval":{"confidence_level":0.95,"lower_bound":-0.2918464111031419,"upper_bound":-0.24463178646904232},"point_estimate":-0.2696077259764391,"standard_error":0.012023043837405871},"median":{"confidence_interval":{"confidence_level":0.95,"lower_bound":-0.3068276273670799,"upper_bound":-0.2500324104920426},"point_estimate":-0.27154402684543977,"standard_error":0.016726417685186054}}