{"mean":{"confidence_interval":{"confidence_level":0.95,"lower_bound":-0.4050185782751721,"upper_bound":-0.0281317390919443},"point_estimate":-0.2294207193977129,"standard_error":0.0970057334136545},"median":{"confidence_interval":{"confidence_level":0.95,"lower_bound":-0.2881530590434366,"upper_bound":-0.0655098340741902},"point_estimate":-0.17265876664685886,"standard_error":0.060374925183402504}}