{"mean":{"confidence_interval":{"confidence_level":0.95,"lower_bound":-0.27875250902234544,"upper_bound":-0.2168599705994406},"point_estimate":-0.24829974093700735,"standard_error":0.015811220630070125},"median":{"confidence_interval":{"confidence_level":0.95,"lower_bound":-0.28119637051650404,"upper_bound":-0.217117198517206},"point_estimate":-0.2431597700574777,"standard_error":0.017855031328344522}}