{"mean":{"confidence_interval":{"confidence_level":0.95,"lower_bound":-0.2725571795116798,"upper_bound":-0.22602210745080947},"point_estimate":-0.24969363665406963,"standard_error":0.011884191186031264},"median":{"confidence_interval":{"confidence_level":0.95,"lower_bound":-0.27221827868923043,"upper_bound":-0.22597533610038378},"point_estimate":-0.2411598633102201,"standard_error":0.01179705533565397}}