{"mean":{"confidence_interval":{"confidence_level":0.95,"lower_bound":-0.34231165571772293,"upper_bound":-0.23741256751051534},"point_estimate":-0.2938130577661806,"standard_error":0.02687550006549954},"median":{"confidence_interval":{"confidence_level":0.95,"lower_bound":-0.35425623584920185,"upper_bound":-0.19010591435740953},"point_estimate":-0.2423274172301908,"standard_error":0.04146866472867272}}