{"mean":{"confidence_interval":{"confidence_level":0.95,"lower_bound":-0.43480298395135014,"upper_bound":-0.3865037416049401},"point_estimate":-0.41107258094832655,"standard_error":0.012311861424597078},"median":{"confidence_interval":{"confidence_level":0.95,"lower_bound":-0.4403434322721519,"upper_bound":-0.3635665058223805},"point_estimate":-0.4151377178356048,"standard_error":0.017636448144614902}}