{"mean":{"confidence_interval":{"confidence_level":0.95,"lower_bound":60886654.55555555,"upper_bound":62528768.76388888},"point_estimate":61596281.666666664,"standard_error":424104.63096986094},"median":{"confidence_interval":{"confidence_level":0.95,"lower_bound":60626150.0,"upper_bound":61583441.66666667},"point_estimate":61213700.0,"standard_error":250993.58993649014},"median_abs_dev":{"confidence_interval":{"confidence_level":0.95,"lower_bound":532599.3305444699,"upper_bound":1254587.5261016153},"point_estimate":948196.8131661415,"standard_error":177100.4517512169},"slope":null,"std_dev":{"confidence_interval":{"confidence_level":0.95,"lower_bound":690533.6574677242,"upper_bound":3446298.9973345753},"point_estimate":2364655.9900198956,"standard_error":734457.0448588569}}