{"mean":{"confidence_interval":{"confidence_level":0.95,"lower_bound":-0.31284147190650247,"upper_bound":-0.27623134698841023},"point_estimate":-0.2956130703181873,"standard_error":0.009312334641751453},"median":{"confidence_interval":{"confidence_level":0.95,"lower_bound":-0.3192348486258164,"upper_bound":-0.28153447768842477},"point_estimate":-0.30619267893392643,"standard_error":0.008937392869023914}}