{"mean":{"confidence_interval":{"confidence_level":0.95,"lower_bound":-0.37465882686431307,"upper_bound":-0.32101034811949397},"point_estimate":-0.34936037002691034,"standard_error":0.013701890664807911},"median":{"confidence_interval":{"confidence_level":0.95,"lower_bound":-0.3878290526936,"upper_bound":-0.31843584082776555},"point_estimate":-0.36212011633199137,"standard_error":0.016574493282779282}}