{"mean":{"confidence_interval":{"confidence_level":0.95,"lower_bound":375466162.6666666,"upper_bound":399016408.0833333},"point_estimate":387327236.6666667,"standard_error":6009457.157301492},"median":{"confidence_interval":{"confidence_level":0.95,"lower_bound":364689500.0,"upper_bound":408789850.0},"point_estimate":394601450.0,"standard_error":11593585.01322711},"median_abs_dev":{"confidence_interval":{"confidence_level":0.95,"lower_bound":18547399.80071783,"upper_bound":56052138.29487562},"point_estimate":44347456.282675266,"standard_error":9368372.69642879},"slope":null,"std_dev":{"confidence_interval":{"confidence_level":0.95,"lower_bound":27606660.837754615,"upper_bound":37563703.71242942},"point_estimate":33461842.040804945,"standard_error":2546502.4082849203}}