{"mean":{"confidence_interval":{"confidence_level":0.95,"lower_bound":434843323.25,"upper_bound":445522918.0833333},"point_estimate":439859730.0,"standard_error":2734725.6552009936},"median":{"confidence_interval":{"confidence_level":0.95,"lower_bound":431958900.0,"upper_bound":441078100.0},"point_estimate":434475400.0,"standard_error":2733664.3753515235},"median_abs_dev":{"confidence_interval":{"confidence_level":0.95,"lower_bound":5433654.773533344,"upper_bound":16106298.944056034},"point_estimate":9430596.042573452,"standard_error":2561951.476445976},"slope":null,"std_dev":{"confidence_interval":{"confidence_level":0.95,"lower_bound":8988616.399515828,"upper_bound":19370720.16390538},"point_estimate":15180680.309664695,"standard_error":2639220.5865778425}}