{"mean":{"confidence_interval":{"confidence_level":0.95,"lower_bound":-0.4057045861761354,"upper_bound":-0.31576223818831717},"point_estimate":-0.3632476543623675,"standard_error":0.022992156049158392},"median":{"confidence_interval":{"confidence_level":0.95,"lower_bound":-0.425697037440922,"upper_bound":-0.3024856696413976},"point_estimate":-0.33884746509609676,"standard_error":0.03074887409307559}}