{"mean":{"confidence_interval":{"confidence_level":0.95,"lower_bound":-0.3468756692238686,"upper_bound":-0.2797663360140908},"point_estimate":-0.3136280217964512,"standard_error":0.017118644220689296},"median":{"confidence_interval":{"confidence_level":0.95,"lower_bound":-0.3369219929763547,"upper_bound":-0.2678080007836481},"point_estimate":-0.3061472086820216,"standard_error":0.018996816737854055}}