{"mean":{"confidence_interval":{"confidence_level":0.95,"lower_bound":756249659.0,"upper_bound":778718810.1666666},"point_estimate":767227996.6666666,"standard_error":5751350.181033972},"median":{"confidence_interval":{"confidence_level":0.95,"lower_bound":752220750.0,"upper_bound":772899250.0},"point_estimate":765895900.0,"standard_error":5473817.061723677},"median_abs_dev":{"confidence_interval":{"confidence_level":0.95,"lower_bound":16047365.59510231,"upper_bound":47430819.44793463},"point_estimate":34948068.96954775,"standard_error":8464256.52963599},"slope":null,"std_dev":{"confidence_interval":{"confidence_level":0.95,"lower_bound":23820958.97408278,"upper_bound":38091408.11667408},"point_estimate":32102359.419868227,"standard_error":3645541.9630510625}}