{"mean":{"confidence_interval":{"confidence_level":0.95,"lower_bound":-0.3878921338985711,"upper_bound":-0.3185477001594782},"point_estimate":-0.3551613894500575,"standard_error":0.017699296089884495},"median":{"confidence_interval":{"confidence_level":0.95,"lower_bound":-0.4115940501756856,"upper_bound":-0.34550198646792374},"point_estimate":-0.38366340107670627,"standard_error":0.019831442308430848}}