{"mean":{"confidence_interval":{"confidence_level":0.95,"lower_bound":-0.1317383188223316,"upper_bound":-0.07818658647999281},"point_estimate":-0.10475441829655696,"standard_error":0.013672675531909146},"median":{"confidence_interval":{"confidence_level":0.95,"lower_bound":-0.1331429479842664,"upper_bound":-0.07043671125336218},"point_estimate":-0.10577632672082293,"standard_error":0.01812600842851957}}