{"mean":{"confidence_interval":{"confidence_level":0.95,"lower_bound":4351095240.0,"upper_bound":4455329682.0},"point_estimate":4401331953.333333,"standard_error":26525524.60260329},"median":{"confidence_interval":{"confidence_level":0.95,"lower_bound":4301544900.0,"upper_bound":4434152550.0},"point_estimate":4408146200.0,"standard_error":29665009.330823705},"median_abs_dev":{"confidence_interval":{"confidence_level":0.95,"lower_bound":57685741.075873375,"upper_bound":207673486.3230586},"point_estimate":167484352.31655836,"standard_error":38998590.9031594},"slope":null,"std_dev":{"confidence_interval":{"confidence_level":0.95,"lower_bound":101344329.68513407,"upper_bound":192106649.0513881},"point_estimate":147883067.7077314,"standard_error":24157983.766868733}}